,track_id,danceability,energy,key,loudness,mode,speechiness,acousticness,instrumentalness,liveness,valence,tempo,label
0,7woCxOw0jmj65ohlQ3x0tH,0.788,0.446,6,-9.812,1,0.0693,0.54,0.694,0.273,0.545,80.033,3
1,1QIsVlaCz3U5GfsEJE9O8L,0.613,0.526,7,-9.243,0,0.031,0.669,0.933,0.168,0.108,154.082,3
2,4HQEDrFbkrVo43WTtHCoDF,0.694,0.704,11,-10.396,0,0.207,0.0388,0.831,0.0908,0.212,74.983,3
3,5ehVOwEZ1Q7Ckkdtq0dY1W,0.717,0.193,9,-16.141,0,0.0459,0.802,0.893,0.0653,0.0447,109.992,3
4,738ezpBPFkPV6zZmJLicaN,0.701,0.415,0,-17.812,1,0.0663,0.442,0.886,0.109,0.326,74.989,3
5,7E5eZ1ZGeqtIPIXIU5NceV,0.733,0.262,8,-16.316,1,0.0627,0.548,0.854,0.102,0.393,75.082,3
6,4PCMttKgDScL8IbN59lF11,0.521,0.289,7,-12.812,1,0.0292,0.65,0.843,0.0878,0.0715,74.987,3
7,6VcyHKX0tZvwFYtgJL7IcX,0.542,0.479,0,-15.033,0,0.039,0.972,0.647,0.171,0.217,132.96,3
8,451EMYReoEHbfvj75Pu1B9,0.79,0.446,9,-9.273,0,0.052,0.656,0.931,0.0933,0.222,80.002,3
9,4k3bQolPVSky3itPqhsrlY,0.612,0.259,11,-11.096,0,0.0999,0.196,0.901,0.106,0.214,149.957,3
10,2pT0soNU4WKusm9Jk5wG8N,0.547,0.0441,8,-21.584,1,0.0333,0.734,0.869,0.0816,0.0359,64.99,3
11,1yPluCl0c17RcWyGjV7tw5,0.49,0.296,3,-20.157,0,0.0301,0.726,0.862,0.106,0.339,75.012,3
12,23gcQr3NRKzLXsP9H5jFQ1,0.614,0.277,1,-11.943,0,0.042,0.967,0.891,0.0698,0.236,84.938,3
13,7saan3wT8athjtK1LxUfth,0.528,0.42,5,-12.708,0,0.0328,0.477,0.888,0.13,0.0484,70.024,3
14,2Y07pojl0DkC41zg0Vfvgo,0.845,0.571,5,-10.541,0,0.058,0.397,0.865,0.313,0.657,134.996,3
15,4piWGWlGPmzxSmFj3gbdZB,0.674,0.52,4,-9.925,1,0.0334,0.772,0.945,0.107,0.225,82.47,3
16,46fpycbDAktlUgSCY1fMJd,0.714,0.34,8,-15.571,1,0.0534,0.356,0.871,0.1,0.176,139.993,3
17,0NDUuWBh1ykEGtIBtD9tAm,0.336,0.447,5,-11.923,0,0.0374,0.717,0.906,0.141,0.319,75.01,3
18,59JuwpxnQTII5Aewnc2wcQ,0.834,0.0475,7,-26.399,1,0.0477,0.78,0.947,0.0986,0.663,129.979,3
19,7JgZbix8xDasAhbn3N7eIF,0.843,0.256,7,-13.565,0,0.0752,0.538,0.114,0.133,0.655,68.997,3
20,3QnuspqK3dFPzx6YT8gVFz,0.638,0.304,9,-11.335,1,0.0333,0.0664,0.741,0.166,0.171,78.026,3
21,0MFOk9fbcnp6T0jqNyMnym,0.64,0.285,0,-11.467,1,0.0269,0.853,0.956,0.097,0.0923,74.969,3
22,6bZWglnOQjF5XodilZuF55,0.698,0.315,11,-16.411,1,0.0347,0.365,0.858,0.108,0.306,75.013,3
23,4NdgaGjCLJ4qDfcmBBMBB4,0.656,0.0551,10,-26.03,0,0.0573,0.281,0.958,0.0807,0.194,130.006,3
24,3NcNz0rFUEghdqZ60CsMNh,0.466,0.147,1,-21.666,0,0.047,0.529,0.433,0.232,0.364,128.563,3
25,5ESH3ABIM9xMXYWJ4l5Zis,0.757,0.0885,8,-14.13,1,0.0767,0.91,0.943,0.119,0.124,136.079,3
26,60N4Ak0X217HI7b1YH8BcR,0.745,0.54,6,-7.217,1,0.0557,0.327,0.0432,0.109,0.257,79.992,3
27,0bQiTUlDBlAbXMkA6kkCgR,0.573,0.203,5,-20.826,0,0.0384,0.34,0.939,0.327,0.0391,130.54,3
28,2HYPqSwitksTpCFzYmP7Po,0.58,0.229,1,-16.333,0,0.0308,0.287,0.856,0.104,0.127,70.013,3
29,7jGzRIMbqiUrYBugAQmI25,0.788,0.562,11,-14.215,0,0.0685,0.466,0.729,0.339,0.202,85.022,3
30,5ZjkNspQw1OWzKo6p4XJz5,0.669,0.536,1,-10.684,1,0.0381,0.565,0.0697,0.0885,0.824,79.993,3
31,6ePkfasTvwxhwamEOiBUMp,0.805,0.661,6,-4.602,1,0.0678,0.209,0.0747,0.0978,0.364,80.035,3
32,7MdZQXUBijQxcBkYz4G1Z5,0.698,0.193,1,-15.01,1,0.0902,0.914,0.937,0.0882,0.607,84.03,3
33,4y5W4FuJra7JYvr10iktxa,0.755,0.0669,1,-25.988,0,0.0599,0.174,0.737,0.108,0.236,130.062,3
34,2IHSMPRArRTCsrFETbb4Ve,0.753,0.383,8,-13.1,1,0.0576,0.715,0.952,0.109,0.327,74.988,3
35,6Wehv77PezqwbcY5fAdkoz,0.893,0.246,4,-20.438,0,0.0677,0.014,0.939,0.0981,0.849,129.998,3
36,5ALE0gLHF4rsk33e5Srzm5,0.626,0.449,9,-9.519,0,0.0378,0.124,0.964,0.111,0.217,150.029,3
37,5sqdPEa8MlrOoIXKMtdBO4,0.645,0.374,6,-16.055,0,0.0394,0.0739,0.76,0.108,0.222,140.015,3
38,0K3kC7FJYMyxcORN66kLOl,0.691,0.401,0,-5.814,1,0.0338,0.267,0.916,0.225,0.418,157.973,3
39,7tHEEMjKZNdi3203uYB5hg,0.708,0.261,2,-16.227,0,0.0401,0.599,0.941,0.106,0.128,74.97,3
40,79Z1QZO3jcbHmdLRWlZHss,0.679,0.371,2,-18.314,0,0.0455,0.828,0.889,0.113,0.9,75.1,3
41,7qrBYrivpvfXUPBMmqh3dA,0.691,0.186,10,-13.672,0,0.0487,0.686,0.934,0.0762,0.548,86.383,3
42,7BaiA89nG4rYUe56AZGB9e,0.854,0.495,5,-11.031,1,0.0731,0.52,0.849,0.0928,0.807,124.03,3
43,5zeQBYIgYRe7GqrIvFya5W,0.779,0.301,6,-7.239,1,0.0546,0.141,0.805,0.103,0.513,74.993,3
44,7lzccEtWKSS7FOpSsjTbMz,0.621,0.0463,5,-26.121,0,0.0769,0.11,0.867,0.11,0.0988,130.115,3
45,3aLcJuAarDz0kzxcdSbAYc,0.74,0.222,4,-18.576,0,0.0586,0.468,0.918,0.0782,0.148,139.991,3
46,4ymjspgq2OvYoPjOnsztnw,0.555,0.631,8,-7.542,0,0.0736,0.507,0.889,0.0966,0.196,83.015,3
47,1Z5Ic5lFMbvsmVsTar0tc6,0.726,0.26,6,-21.338,1,0.0522,0.716,0.909,0.105,0.125,75.039,3
48,19JzJOMs4wkuKxY8WEOMea,0.79,0.133,8,-9.365,1,0.0915,0.875,0.808,0.111,0.422,69.997,3
49,0bUYgpgrUaoFouvS0vf6qe,0.532,0.208,0,-17.916,1,0.0409,0.933,0.929,0.102,0.366,80.021,3
50,3dwGApUPeYvZQrRKBPLKs8,0.601,0.32,5,-23.152,1,0.065,0.0391,0.881,0.209,0.0446,130.089,3
51,1nR2dLSV4UXr9r8UFBECqQ,0.878,0.498,8,-8.624,1,0.0715,0.0528,0.867,0.108,0.0577,140.009,3
52,0ZMMJMXY2S1kzEWFpgwFzC,0.603,0.62,9,-7.584,1,0.123,0.925,0.546,0.259,0.172,90.083,3
53,70CbcDczLupouV8PYWjk5Z,0.654,0.497,8,-15.684,0,0.117,0.302,0.932,0.0857,0.343,140.002,3
54,1riviGPeYDkEERkaO0cwDX,0.499,0.324,6,-12.305,1,0.0295,0.548,0.854,0.101,0.361,80.069,3
55,6MLswQ1aFSryGgtsTyHtAu,0.682,0.398,3,-14.768,1,0.0389,0.0715,0.823,0.126,0.175,74.993,3
56,4JLI9AgtAXutJvjlXgZBoR,0.87,0.146,8,-11.877,0,0.22,0.499,0.941,0.105,0.889,80.087,3
57,2RQmRdak8fN2Ow1gb1FSId,0.654,0.337,9,-11.337,0,0.0337,0.706,0.918,0.109,0.153,78.015,3
58,703Y8dw2MMfEodrw5D6hDd,0.857,0.146,4,-10.946,1,0.33,0.838,0.954,0.109,0.776,82.9,3
59,3X9PaDhXXxC40PrWu7wCzp,0.683,0.0403,2,-26.854,1,0.0533,0.315,0.192,0.0803,0.158,64.9,3
60,4r5pNs6nvQqQ85qjY1Ogml,0.542,0.573,3,-5.668,1,0.0273,0.0244,0.742,0.122,0.484,80.007,3
61,6bpvPioiETNag9ru7CrdzG,0.789,0.192,11,-19.718,0,0.0798,0.857,0.781,0.147,0.437,90.014,3
62,1aoZcJBVQ5JD4RhjbdqCfj,0.669,0.483,0,-8.368,1,0.0893,0.909,0.886,0.113,0.322,89.937,3
63,5BbAbnlNW3JfGGwG0Hkei9,0.76,0.322,2,-13.638,1,0.0485,0.568,0.927,0.0855,0.184,160.028,3
64,5AMhWOPe771tlQQXaDC5sO,0.729,0.308,10,-14.782,1,0.129,0.062,0.875,0.0981,0.669,163.977,3
65,2X7iYoVNlL7aXjqViBO77q,0.749,0.585,1,-14.505,1,0.0963,0.302,0.896,0.0809,0.551,170.0,3
66,587EmzCRZVPmBM11wWWx0b,0.652,0.367,0,-11.047,1,0.0389,0.818,0.921,0.113,0.119,74.97,3
67,4PcsApZvvI8SVnkmuZ7LWu,0.695,0.473,7,-7.418,1,0.0956,0.0491,0.26,0.135,0.773,160.02,3
68,4CljbmSSCk6phQX3R8uSLp,0.637,0.185,5,-19.779,1,0.0444,0.768,0.934,0.0837,0.653,75.003,3
69,5KmK2d43q31mWkHI5z3xTy,0.743,0.593,6,-9.377,0,0.038,0.00277,0.802,0.109,0.178,132.035,3
70,3m3HaNY0zd3B6UniD6jf4v,0.601,0.6,2,-5.152,1,0.0525,0.579,0.623,0.168,0.157,154.257,3
71,01QLoNyMiLsFzKTkR0kmkG,0.718,0.248,5,-16.31,0,0.0378,0.567,0.915,0.125,0.192,79.952,3
72,38gqeaSyRwk64S9Xf1xDzD,0.744,0.158,10,-11.529,0,0.043,0.231,0.852,0.104,0.112,140.19,3
73,1oSevjov1EOdo8TYcrb5nQ,0.798,0.0841,11,-12.673,1,0.209,0.487,0.8,0.239,0.506,160.038,3
74,73irKR6LXAcLnPxVWZgYlc,0.717,0.417,8,-12.677,0,0.046,0.699,0.943,0.121,0.59,93.048,3
75,2U42jVkNgEU6DoM64eFD7i,0.645,0.114,9,-15.768,1,0.356,0.967,0.831,0.112,0.191,78.015,3
76,7EGbsljcwCiVcTpsmoXenq,0.757,0.388,7,-10.537,0,0.0353,0.0296,0.873,0.115,0.108,140.041,3
77,0vWi3ddoB4H9nU5tLiSnQL,0.556,0.223,1,-15.309,1,0.0644,0.568,0.76,0.138,0.305,75.011,3
78,6E44XejBm1JxzOSj1Sfdbl,0.812,0.403,9,-8.448,0,0.232,0.35,0.447,0.106,0.382,75.89,3
79,5j6vt3vHU22A9nuuMlRnwA,0.624,0.229,1,-15.698,0,0.046,0.354,0.47,0.116,0.395,130.069,3
80,0i4FFEupAyk8bfnTZrH1Vr,0.666,0.555,1,-12.93,0,0.0427,0.273,0.899,0.0726,0.568,159.954,3
81,1QBMc979Via10RvuzUTcPm,0.542,0.141,3,-21.456,0,0.0749,0.647,0.109,0.191,0.102,130.018,3
82,4X9OLjeDCUTr39baLOSMlQ,0.458,0.294,9,-18.604,0,0.0415,0.584,0.893,0.0675,0.106,80.1,3
83,2NcmCfgwjLcf4rakDK3pYZ,0.592,0.37,0,-10.87,1,0.167,0.257,0.91,0.106,0.143,80.055,3
84,1ovr8NrhUZWz64ZM1bfbzG,0.604,0.203,0,-16.073,0,0.0439,0.502,0.837,0.135,0.454,79.998,3
85,7Af2uVyZt7FLfbn5XR7946,0.517,0.405,0,-8.508,1,0.0356,0.785,0.452,0.415,0.0379,79.996,3
86,71NZvOMunjj0f4BpYZqG7K,0.541,0.232,8,-15.774,1,0.027,0.972,0.899,0.109,0.11,74.998,3
87,2NjxUGJaBS11zkUv86MOQP,0.561,0.228,1,-12.975,1,0.0573,0.395,0.868,0.106,0.607,75.006,3
88,1S98Izssx1F1yoKx3pTlP9,0.779,0.381,6,-14.127,0,0.342,0.825,0.944,0.101,0.459,79.976,3
89,0KQEOvTQTt2H9xBAgu6XJ6,0.771,0.0562,0,-15.106,0,0.0817,0.0549,0.677,0.191,0.104,86.011,3
90,15KSigoWpLB88TzCRiWc9I,0.471,0.21,6,-17.531,0,0.0497,0.875,0.926,0.101,0.04,69.99,3
91,54DgmYPU52KsAH0f5qJRwB,0.768,0.309,7,-14.508,0,0.0911,0.236,0.906,0.148,0.176,87.028,3
92,16gIddMz50QWTnVB44q3XX,0.77,0.444,7,-9.09,1,0.0675,0.822,0.904,0.116,0.0647,75.0,3
93,3RjVTTJwqgKsNUImPBfmNT,0.648,0.499,8,-9.724,1,0.0412,0.55,0.933,0.107,0.119,147.661,3
94,6Rab9WlQfmtCES9jN4UBrj,0.808,0.277,10,-14.733,0,0.0483,0.188,0.952,0.101,0.426,75.002,3
95,2M8MoD4yS6OZ7kccpmzM5j,0.643,0.413,10,-10.048,0,0.0334,0.117,0.833,0.131,0.424,75.007,3
96,2TfmC5Ll2KNf0CndJafNLv,0.619,0.53,0,-8.98,1,0.0363,0.453,0.865,0.135,0.118,80.001,3
97,63uQC332PwUFqV2Lqiw5pu,0.801,0.631,1,-9.513,1,0.0458,0.128,0.897,0.103,0.522,149.988,3
98,4bNVbIVTL7Il389qyVG9Lv,0.652,0.487,0,-8.809,0,0.0521,0.923,0.695,0.154,0.13,85.053,3
0,2S8x2UmgZFqGNPQxe2zLL4,0.783,0.351,9,-14.93,0,0.0811,0.786,0.936,0.102,0.244,150.01,3
1,524rHs2pC8DmYZar2qJD7v,0.678,0.245,3,-14.603,0,0.0317,0.893,0.811,0.125,0.55,74.998,3
2,6flksSGb0Z9WZYXzaRIQaM,0.737,0.161,5,-18.395,1,0.11,0.909,0.941,0.121,0.169,87.981,3
3,0N8xcgJldOu3c7sOM3xo7K,0.672,0.142,4,-14.155,1,0.0373,0.573,0.921,0.112,0.189,139.904,3
4,4pUOWikHwi87jPXYtwwb3v,0.823,0.249,5,-17.826,0,0.13,0.635,0.953,0.114,0.386,115.016,3
5,3Llf4MEMJvO99Hv8yBJtVu,0.833,0.438,11,-9.112,0,0.108,0.771,0.893,0.196,0.196,83.981,3
6,6yRz4gpq370pGg5hKTp91X,0.839,0.234,9,-9.119,0,0.307,0.7,0.867,0.222,0.755,87.116,3
7,6YcSUjxAWwublCNiKPgwKD,0.733,0.434,0,-9.147,0,0.197,0.0939,0.539,0.0828,0.296,171.986,3
8,2k5xwTwocZZkMxKoMyxopz,0.667,0.717,6,-8.431,1,0.0843,0.0551,0.865,0.093,0.367,159.945,3
9,7HQmkAioOUG8ZxPkfcEw5p,0.662,0.406,11,-14.423,0,0.189,0.595,0.748,0.143,0.33,82.025,3
10,1D5NGDRg9CFCIm6WXgjtd8,0.668,0.441,3,-11.824,1,0.0569,0.523,0.918,0.101,0.183,173.991,3
11,1DM6OEWbOSsaL0eDMQBmhV,0.831,0.287,6,-14.019,1,0.0565,0.822,0.421,0.121,0.553,109.988,3
12,71GSpHt7isEEsjpFWB5vGs,0.743,0.186,8,-17.458,0,0.0583,0.552,0.893,0.107,0.618,168.163,3
13,1s8KFO2b6qhK94kzCc375G,0.647,0.0895,5,-24.059,0,0.0451,0.933,0.929,0.107,0.0396,72.979,3
14,11yf3OWkbIm6YoTI64jSgg,0.818,0.299,0,-7.955,1,0.0384,0.743,0.867,0.103,0.286,89.972,3
15,224u5HmiQxK7tQLWrFGdrF,0.745,0.374,10,-11.203,0,0.0564,0.397,0.905,0.105,0.636,79.999,3
16,1VkY2mmufR03gKcIhLRk0L,0.619,0.317,10,-16.949,1,0.0643,0.544,0.926,0.131,0.131,90.012,3
17,2f9uA1s4mDMO18N2SAL002,0.487,0.404,9,-15.137,1,0.0542,0.926,0.931,0.136,0.382,79.989,3
18,7An9ystJ5VTcPIsTO7x4tb,0.889,0.273,1,-10.629,1,0.0727,0.32,0.47,0.166,0.395,88.004,3
19,4UpMl0ADAnyeLBM1TGbqtu,0.719,0.242,10,-9.429,1,0.147,0.0352,0.927,0.213,0.278,150.015,3
20,23xwWliB2C9ebh21I7kD0U,0.713,0.267,10,-16.421,0,0.0479,0.482,0.911,0.0954,0.353,139.985,3
21,7eQK8cBX44q4THm1Dfw7ZM,0.706,0.389,2,-10.683,0,0.0528,0.0961,0.645,0.0887,0.443,80.034,3
22,5wZetUDyN1GQypcfUyxPqo,0.824,0.155,6,-19.637,0,0.0695,0.665,0.322,0.0777,0.0867,148.11,3
23,36IEz2n1LIpsJF40eNYsz2,0.795,0.395,11,-9.573,1,0.199,0.17,0.842,0.111,0.49,85.043,3
24,7fXRjZ8E2EjErGJTiz2U8E,0.797,0.291,11,-11.585,0,0.054,0.154,0.895,0.225,0.555,90.034,3
25,1juFN5WAR5kBxbrHe6Sf4u,0.697,0.3,9,-12.137,1,0.22,0.863,0.905,0.11,0.607,160.263,3
26,5qq7KECX28pBbnR1h938jV,0.687,0.543,7,-6.468,1,0.081,0.924,0.859,0.102,0.503,169.959,3
27,3CFE8CIX6xG52LolmQWUEt,0.85,0.384,5,-14.812,0,0.108,0.561,0.464,0.111,0.705,83.054,3
28,42nEk1NmYLyftkrv1SNfWs,0.747,0.116,9,-20.919,1,0.0619,0.94,0.885,0.0852,0.424,77.976,3
29,6eNdKA73IIJr2SU4AbFzDf,0.724,0.151,7,-16.933,0,0.0805,0.757,0.89,0.146,0.0839,87.003,3
30,24j5X1HoQGjZBSOrqKixDA,0.768,0.244,9,-13.545,0,0.0739,0.779,0.901,0.11,0.119,90.004,3
31,6dWwrOobdcseSx8giSWPkE,0.732,0.217,3,-14.753,0,0.183,0.571,0.877,0.112,0.587,75.009,3
32,1u6PYgXMBZEQrzUjNBCEUl,0.695,0.327,1,-18.15,1,0.1,0.768,0.949,0.111,0.668,78.392,3
33,7nbgHt3fUI8k40Ve8qrqsP,0.695,0.281,1,-9.165,0,0.102,0.872,0.671,0.104,0.379,80.021,3
34,7GmA2dTy4r4MPxenVVDzMy,0.473,0.194,4,-24.837,0,0.059,0.557,0.784,0.106,0.0475,160.009,3
35,2qzjYqTA8dwy99L6Mhp91n,0.711,0.222,8,-11.07,0,0.0434,0.808,0.931,0.149,0.396,170.153,3
36,6YDbQEkfLBzaTKtY9zSmDp,0.789,0.38,1,-9.565,1,0.156,0.416,0.226,0.109,0.363,149.841,3
37,0v0sKdw1NSfBzdINcCNU5k,0.774,0.38,2,-8.132,0,0.506,0.862,0.783,0.152,0.693,89.943,3
38,6aUu7XAvrwqJfOXkG3YLZ1,0.394,0.137,9,-15.433,1,0.0985,0.919,0.926,0.111,0.18,80.144,3
39,3PQEhclz2qMuapq7d7pkYc,0.632,0.379,6,-8.767,1,0.119,0.57,0.773,0.121,0.407,69.708,3
40,6nsqP8L7fscN3mUHM6dATz,0.806,0.178,1,-12.793,1,0.0591,0.805,0.906,0.111,0.107,147.939,3
41,2LzPtYMEj4S44yoBVU7ccu,0.756,0.631,8,-9.512,0,0.0505,0.117,0.932,0.0809,0.938,154.003,3
42,6smVZWU1IXU6HCGR5DN61g,0.717,0.117,2,-18.952,1,0.134,0.942,0.732,0.0915,0.576,83.993,3
43,0vpCjZxZ03dHk71gT6WdHR,0.728,0.636,7,-7.792,1,0.0606,0.0875,0.852,0.0667,0.297,85.985,3
44,0MEOsyD7omIzdF4NRx0e1A,0.826,0.407,0,-10.394,1,0.196,0.596,0.851,0.11,0.294,160.047,3
45,6qo8HnjJda3Qmq7Rz9grjD,0.74,0.466,3,-8.912,0,0.0519,0.643,0.898,0.17,0.633,74.985,3
46,5xYTsbx3aGOGv3mvIxny97,0.861,0.333,5,-9.36,0,0.0786,0.529,0.611,0.0933,0.349,74.999,3
47,0QIlgmnJBsd6zkH9u7MEcX,0.615,0.128,5,-16.44,0,0.043,0.445,0.871,0.156,0.236,82.012,3
48,2TI3LJ5EVBDMNI60VT795t,0.631,0.123,8,-16.837,1,0.0657,0.803,0.9,0.183,0.281,79.968,3
49,5wAD3nLgZYfx9rq2nwj7ij,0.713,0.495,5,-8.835,0,0.078,0.799,0.934,0.108,0.268,80.002,3
50,079qxR6tndFavZsUUqP6eD,0.806,0.565,9,-9.411,0,0.0649,0.32,0.905,0.109,0.378,113.417,3
51,5QQHsWjHiEtkBQU2mQWiC2,0.765,0.153,3,-14.997,0,0.0643,0.919,0.566,0.104,0.622,87.991,3
52,2yY11CsJt93GFebi54lJ0K,0.572,0.416,3,-12.806,0,0.0437,0.881,0.925,0.111,0.232,79.211,3
53,4VKUcFVgGWyTm00rJxzs2H,0.592,0.715,2,-8.845,1,0.0586,0.0477,0.184,0.101,0.312,89.988,3
54,0cJh8nJkcCrxgPxyVqmQfH,0.747,0.152,6,-16.112,0,0.375,0.947,0.959,0.0711,0.637,75.001,3
55,7wzNMFymSh5ZamrnZi2Qc4,0.616,0.365,7,-16.309,1,0.0504,0.96,0.818,0.116,0.312,77.973,3
56,7rc25QCtoWgpMoS5QKXPhr,0.783,0.466,0,-8.484,1,0.184,0.908,0.896,0.114,0.434,85.041,3
57,2zrVLM8J5exaoXrrKmRQWy,0.807,0.293,2,-9.815,0,0.0743,0.898,0.816,0.384,0.532,84.99,3
58,0QBLLWPxhUficWtZlpGGgS,0.687,0.452,8,-12.331,1,0.067,0.573,0.934,0.122,0.113,78.642,3
59,3EZlQWi8WX6FJmjPLPRJmj,0.543,0.324,6,-14.81,0,0.0734,0.0152,0.865,0.156,0.284,89.342,3
60,2l0Mxa8QM5zQfwfU4Z4Uok,0.533,0.386,2,-11.851,1,0.0562,0.224,0.754,0.132,0.0631,93.939,3
61,7GT2f5CrAKfwxBNiCjPlpw,0.687,0.58,4,-17.358,0,0.0843,0.81,0.887,0.0989,0.735,179.994,3
62,3iGAROkUA0Zor2nDSb5KEi,0.709,0.178,5,-13.565,0,0.0528,0.217,0.872,0.11,0.609,85.044,3
63,2fR3GNfIFHEQLtjD8h9ECY,0.808,0.43,4,-10.848,0,0.0373,0.881,0.847,0.0969,0.374,83.985,3
64,1mViogHkkvCrautHVmmkAI,0.532,0.202,5,-13.122,1,0.0408,0.769,0.822,0.126,0.0662,83.887,3
65,5BtBdCsbhh5QxIbhjNmNnx,0.681,0.397,1,-7.85,1,0.101,0.508,0.885,0.103,0.794,80.085,3
66,0tuYoz4gBIFYnIJz36wxyo,0.74,0.377,10,-8.453,0,0.157,0.0867,0.9,0.105,0.662,88.137,3
67,6IpHohsQdyLeujYXbyqhk9,0.674,0.605,5,-9.108,1,0.0542,0.382,0.842,0.119,0.31,175.974,3
68,2lJPaHVoe2GIBPu2ww3x01,0.68,0.406,1,-10.973,0,0.0588,0.0894,0.922,0.0611,0.419,78.01,3
69,2awWBD8K1asrfUelSJFui5,0.554,0.44,11,-7.481,0,0.0284,0.615,0.505,0.102,0.247,144.086,3
70,3TQWfUf2Xe99d93tSyC6Gs,0.447,0.412,2,-14.335,1,0.123,0.777,0.941,0.0927,0.0367,75.588,3
71,3rqr7RAZhVMHGF0HxWXpeR,0.58,0.331,8,-8.425,1,0.0549,0.604,0.78,0.0845,0.37,90.018,3
72,01lS197HXZ7HwSd7LVy1ce,0.683,0.198,9,-14.819,0,0.0469,0.777,0.736,0.0722,0.228,89.998,3
73,0aTxYRuDgt957kEznA87yw,0.729,0.31,7,-16.085,0,0.0384,0.397,0.906,0.0987,0.225,137.96,3
74,6A5EYxkV7gzZv3PW96u3Jf,0.734,0.361,9,-7.973,0,0.0943,0.235,0.869,0.109,0.412,87.996,3
75,532CHPJ8XDomggcCqh9kyr,0.685,0.435,2,-10.037,0,0.0373,0.698,0.932,0.128,0.233,150.082,3
76,3XRvlPzPQ5kbsHWnXKz5qD,0.712,0.274,7,-12.366,1,0.128,0.63,0.892,0.0962,0.361,80.009,3
77,1jnobX7mD3UdZQE5UtMRRi,0.685,0.309,6,-12.452,1,0.0718,0.248,0.36,0.133,0.406,85.019,3
78,7I9YFbEsvtYfAnR7MEdSCi,0.645,0.488,6,-9.646,1,0.036,0.407,0.739,0.155,0.214,78.008,3
79,567VmFClXWB2XCgMWEOo7P,0.799,0.278,1,-13.996,0,0.511,0.0485,0.895,0.103,0.577,180.045,3
80,03YNvnjIXEv0Du4mWlYhvd,0.637,0.646,6,-10.243,0,0.14,0.261,0.895,0.104,0.0869,179.792,3
81,1GPbMICiOkUgFylbUQB2bM,0.535,0.449,1,-10.034,1,0.0295,0.74,0.955,0.117,0.242,157.998,3
82,6zNOsAGx5GLTb3PeQmZcEo,0.806,0.305,9,-13.537,1,0.258,0.667,0.906,0.111,0.47,80.02,3
83,4UcBw2iCihERGKHF9mcC3S,0.765,0.374,3,-7.849,0,0.138,0.403,0.892,0.105,0.31,169.958,3
84,2HikiunWHGW1P4qZpSWMa5,0.711,0.307,7,-11.76,0,0.166,0.897,0.726,0.12,0.537,159.906,3
85,70BO1pxMmy4NW9Erwlymh4,0.654,0.451,11,-10.406,0,0.0379,0.489,0.823,0.136,0.0998,140.006,3
86,6hogWoj5zE1i8pLS7pyXwz,0.592,0.219,8,-15.947,1,0.0361,0.861,0.914,0.115,0.103,79.99,3
87,43nNoTJFYtJmO1hyKLTVTE,0.636,0.306,5,-15.64,0,0.0444,0.597,0.923,0.0783,0.161,114.084,3
88,1sjV7JkBia7Ia2drnlAXVl,0.663,0.252,0,-13.593,0,0.195,0.906,0.692,0.216,0.544,165.902,3
89,0V2A3Wj3b7wLbEf0kLZAhn,0.68,0.367,6,-14.941,0,0.0478,0.0678,0.929,0.131,0.72,113.113,3
90,2r0WLsamVimyYYy2kl0tt1,0.592,0.507,8,-9.623,1,0.235,0.175,0.81,0.436,0.499,75.207,3
91,4cZvUiWkcNEfNgp7bzSzWt,0.437,0.323,11,-13.793,0,0.108,0.952,0.948,0.144,0.809,78.597,3
92,4azrL9oyS2uhiLXkP6nC6R,0.463,0.2,5,-13.418,0,0.044,0.745,0.867,0.11,0.324,159.963,3
93,5Q4X6JGfoZM89iGSNGt2XR,0.493,0.13,5,-18.718,0,0.0873,0.927,0.945,0.105,0.415,79.631,3
94,0yvdmeWytGMCzDAABS9HQ1,0.816,0.375,4,-14.577,0,0.258,0.716,0.839,0.515,0.493,93.027,3
95,6SzTq1f5TBnJ0RE4QDw52J,0.713,0.284,2,-12.946,0,0.153,0.717,0.878,0.0988,0.521,156.009,3
96,0ufC8geKqTzuVd9bOZxHJ5,0.663,0.356,7,-8.301,1,0.0531,0.709,0.904,0.13,0.148,170.047,3
97,1K3RS0myXACvxB8xhxJYjC,0.711,0.272,6,-14.356,0,0.102,0.939,0.647,0.08,0.231,78.008,3
98,3fgxxLQpm2ShpABFIh03O6,0.815,0.133,7,-11.459,0,0.272,0.637,0.929,0.131,0.447,79.201,3
99,6pyx1rF7cfoEnjxR0dlVld,0.688,0.343,3,-6.266,1,0.0958,0.964,0.946,0.145,0.635,173.977,3
0,4f9oVqZscQYd2sQBymcMON,0.596,0.567,5,-8.21,1,0.0437,0.443,0.38,0.664,0.188,69.958,3
1,358NCBqAG94tv26dHgZIbk,0.571,0.499,0,-8.651,0,0.0493,0.84,0.768,0.191,0.345,85.011,3
2,33xRLRHq485anywUECESNa,0.734,0.117,5,-13.863,1,0.0457,0.977,0.922,0.17,0.39,143.958,3
3,6i0iAPYFh8Nbqvu3WqsH7h,0.426,0.355,0,-11.108,0,0.072,0.699,0.919,0.108,0.204,68.494,3
4,4E4BlgAMYPHFTk716xcqEf,0.689,0.0781,5,-15.998,1,0.0662,0.689,0.795,0.0918,0.0698,75.979,3
5,5MOxfEARX69OmEBmXWiuL1,0.39,0.218,2,-19.258,1,0.0302,0.841,0.938,0.115,0.149,79.276,3
6,6bbvgRpzprQNbSONxTwrpW,0.691,0.531,6,-6.949,1,0.0341,0.736,0.89,0.437,0.377,90.97,3
7,6Sm1KtkD9m3OqqDwoAMgmL,0.632,0.269,0,-16.456,0,0.247,0.871,0.869,0.124,0.535,75.904,3
8,3wqZott6OlTE644DOC2Fu4,0.485,0.211,6,-14.134,1,0.0499,0.575,0.92,0.0884,0.237,73.09,3
9,0jJPEvGPCqoYIZZ3UcdIzO,0.735,0.254,2,-13.678,1,0.0466,0.751,0.882,0.11,0.101,134.066,3
10,3x236AQl348LRrZlVsy3Ji,0.629,0.163,9,-17.872,1,0.066,0.781,0.274,0.351,0.497,80.006,3
11,5O4JqYM34d2v46iile2dd6,0.612,0.28,10,-13.257,1,0.0412,0.807,0.578,0.93,0.392,70.024,3
12,1BqjjwB77YBHjm90El8jLI,0.65,0.384,1,-12.918,1,0.0337,0.773,0.874,0.154,0.284,88.026,3
13,01DeG25VnsloBPIpCVVeY3,0.434,0.271,3,-16.619,0,0.0738,0.865,0.902,0.147,0.186,72.41,3
14,0V76BS6UYctwAudOtnXvdI,0.771,0.577,7,-11.131,1,0.215,0.139,0.585,0.653,0.747,80.012,3
15,3dQeX2oPYMy4TaUjUmIlLh,0.546,0.329,10,-9.967,0,0.0439,0.926,0.783,0.0543,0.0438,69.823,3
16,7u9DnB0ZMfRx8MfOqF2X06,0.532,0.475,6,-11.2,0,0.145,0.85,0.0197,0.249,0.376,72.859,3
17,04tzOFRrgLnZ6MrOg7OgYO,0.421,0.458,1,-14.322,1,0.0378,0.799,0.895,0.126,0.296,82.151,3
18,0zgjLQCZYSBw2YCw72EvOV,0.688,0.315,7,-10.44,1,0.0323,0.788,0.742,0.0606,0.184,135.949,3
19,3gJcFkiN9aFWbwRcxGvT34,0.729,0.339,5,-12.295,0,0.0945,0.807,0.665,0.126,0.6,90.024,3
20,0t5oSp6BXErrj1fGisRNpR,0.636,0.297,2,-12.695,1,0.0432,0.698,0.894,0.278,0.414,69.91,3
21,5d1Rr7yinrDG6ffFrPYMtl,0.625,0.118,1,-19.365,1,0.051,0.907,0.914,0.106,0.036,70.014,3
22,5a4Wnb2273z0jYa9bULPxp,0.665,0.142,4,-23.546,1,0.138,0.463,0.662,0.0917,0.653,76.007,3
23,6RCS1H16iGwVqut2yETMnM,0.562,0.271,8,-9.0,1,0.0394,0.872,0.841,0.0876,0.128,86.007,3
24,0qyuaKKCafdMj8oUHKuARi,0.619,0.105,2,-15.639,1,0.0473,0.735,0.874,0.137,0.434,65.042,3
25,64PuJ5VC0Vi17DoL1sByF5,0.557,0.313,7,-17.677,0,0.036,0.678,0.695,0.0755,0.177,140.08,3
26,2Y2y6yo4taNiiJ1uQaOthM,0.706,0.2,1,-13.979,0,0.0352,0.841,0.801,0.152,0.186,83.02,3
27,18MckzWCvalVqPQ0SOMj6z,0.687,0.352,0,-12.995,1,0.0568,0.874,0.65,0.08,0.584,80.114,3
28,493sWup0yoc0poKRS3nfhh,0.373,0.129,3,-19.53,1,0.0325,0.939,0.87,0.106,0.0518,111.901,3
29,31RC6aQcJOkzymqcyuJjWc,0.606,0.269,3,-13.052,1,0.0331,0.699,0.851,0.219,0.183,79.937,3
30,5nnlYX5TImpxvqkr62Tyvb,0.411,0.147,10,-14.783,1,0.0285,0.97,0.894,0.0948,0.0362,65.995,3
31,4Urg181wC9tpm8Teef29tJ,0.612,0.641,9,-8.21,0,0.103,0.732,0.817,0.164,0.348,73.1,3
32,0euz0lVXNMFmQq6tijYD1Z,0.596,0.293,9,-12.284,1,0.0586,0.857,0.914,0.374,0.547,73.983,3
33,1xDCZUXQ2ZB2cD1Al3PVHf,0.415,0.347,8,-16.308,0,0.13,0.637,0.684,0.117,0.194,74.477,3
34,20dspql9iLKZSRiGwsDqPv,0.634,0.38,2,-10.776,0,0.03,0.666,0.846,0.816,0.151,80.983,3
35,5yFBuyUoHoauzSjdE4aBAz,0.706,0.224,7,-16.112,0,0.0553,0.912,0.782,0.116,0.0513,136.022,3
36,26Kumx8SJwcr10s6akCiWv,0.791,0.544,0,-10.754,1,0.182,0.42,0.575,0.129,0.703,94.048,3
37,1kFFieDkwb2qP8STsLP0J8,0.384,0.271,9,-11.852,0,0.0534,0.937,0.947,0.107,0.113,77.941,3
38,65SitjWbeKYqSO328RWte9,0.72,0.254,6,-19.342,1,0.0869,0.736,0.82,0.123,0.756,92.818,3
39,0DB9N0IATYwVEENbBund1e,0.616,0.592,9,-9.329,1,0.0259,0.136,0.85,0.111,0.371,86.013,3
40,30SiVFwrtiIN2yfk1KLB8m,0.569,0.328,0,-18.795,1,0.0424,0.785,0.854,0.113,0.0385,143.967,3
41,715MA4yS1Yr1ZVKJO8B3YR,0.669,0.297,11,-7.117,1,0.0418,0.693,0.851,0.0958,0.106,160.018,3
42,1gRoKvezqYuqXU48tChaYS,0.408,0.148,5,-17.041,1,0.0577,0.975,0.515,0.123,0.126,79.891,3
43,1Yvt35sQ5JcCn8q1URtVFS,0.795,0.324,7,-11.595,1,0.068,0.945,0.934,0.0891,0.568,170.15,3
44,5MzXBdZbDQOwH7A0dQ13S6,0.559,0.382,0,-12.381,0,0.112,0.761,0.89,0.12,0.117,83.962,3
45,3fawOQlKvtIOwCwflbYbYE,0.687,0.826,10,-6.109,1,0.0779,0.705,0.585,0.179,0.57,147.998,3
46,3dp9LoZRAlDWzdrP4yi55m,0.6,0.228,6,-9.439,1,0.0287,0.963,0.81,0.0932,0.185,86.004,3
47,25MbkW7Dzfloy2lSDxtHqP,0.721,0.158,6,-14.292,1,0.224,0.59,0.785,0.113,0.185,79.969,3
48,6HwKeWWwhXIT62tvg4QpQR,0.543,0.126,4,-13.951,1,0.0507,0.76,0.919,0.111,0.208,173.688,3
49,3x9CtYUvV6JcNokB6d2Pfv,0.732,0.244,1,-15.907,0,0.0408,0.872,0.688,0.101,0.431,83.024,3
50,5CsJtaArX50OcMVyGOTiEq,0.673,0.328,9,-12.509,1,0.0337,0.546,0.196,0.119,0.281,75.041,3
51,5DwDUVUMGgdtrfQTsHcxuw,0.604,0.101,11,-22.733,1,0.0332,0.945,0.9,0.306,0.473,74.011,3
52,3uneDBiIEuEcDKXuZS3xtM,0.54,0.298,7,-18.177,1,0.0574,0.87,0.941,0.207,0.184,126.064,3
53,3GPJO9cfdacWkfzV2dlkLa,0.667,0.141,9,-14.346,1,0.0419,0.813,0.879,0.317,0.121,80.111,3
54,0VIlk31gaD4fF6JnnuX4FQ,0.767,0.271,10,-10.196,1,0.0524,0.806,0.894,0.119,0.254,80.002,3
55,6X22ioHxjZQKU2bDCoa7Jh,0.511,0.309,5,-9.08,0,0.0361,0.885,0.811,0.0958,0.114,79.913,3
56,69mqQzPwmsbc7UKQjocaiH,0.637,0.239,8,-15.514,0,0.0711,0.938,0.909,0.124,0.434,73.127,3
57,7B1wduQfu3CyyaKH370y7E,0.7,0.0476,5,-23.019,1,0.0462,0.957,0.916,0.102,0.11,120.028,3
58,64Re8V7EKq7AHvt97qOsza,0.386,0.127,0,-11.828,1,0.0651,0.948,0.848,0.137,0.692,209.595,3
59,7uDCQGpCHJQuEsfRxBoWB1,0.673,0.424,3,-13.125,1,0.0747,0.711,0.38,0.195,0.651,84.973,3
60,4VJb4DHvinsn6OMsTMFuN4,0.84,0.544,10,-6.228,0,0.0802,0.406,0.78,0.0488,0.678,88.054,3
61,2pBBuz8fvRFowS6ma4UvfN,0.674,0.307,9,-17.625,1,0.14,0.6,0.00754,0.146,0.933,73.034,3
62,1j2YwN0kHaQw59FtURFXnd,0.591,0.27,2,-14.196,0,0.037,0.867,0.935,0.0653,0.088,135.965,3
63,2F24EZ602fIem2z24Bl3fR,0.741,0.386,6,-17.518,1,0.0636,0.578,0.876,0.115,0.431,88.003,3
64,303mLeHVZsTKhBIHECu4Tw,0.739,0.236,3,-15.192,0,0.101,0.554,0.916,0.111,0.508,156.264,3
65,6ZMWtcxIruUp0DZgtXKoSN,0.622,0.436,0,-9.394,0,0.0414,0.401,0.876,0.138,0.328,77.007,3
66,38ZYbBKXIuNXZMUixukviT,0.665,0.335,0,-16.373,1,0.47,0.66,0.858,0.144,0.708,76.179,3
67,0UfGNOjd2vaLhTcEzkJPni,0.397,0.392,6,-9.315,1,0.0375,0.898,0.831,0.165,0.194,160.52,3
68,7G9lcngNbSDIA20GTSJJL6,0.668,0.3,5,-17.36,0,0.0476,0.665,0.871,0.12,0.384,82.98,3
69,5SgaJ2zuHhEFBE3MfG5AFD,0.644,0.0496,2,-24.084,1,0.0424,0.975,0.951,0.0925,0.208,117.927,3
70,1bAnt7bm5BZZu2lkRghicQ,0.71,0.105,2,-20.493,1,0.0396,0.603,0.827,0.0908,0.139,131.725,3
71,5I3JuSvaP2oa2273rYMM5B,0.787,0.098,4,-25.105,1,0.0384,0.957,0.912,0.0766,0.155,120.014,3
72,3Vyp9WmyHUsJ6kfGtst1np,0.603,0.502,5,-10.442,0,0.043,0.624,0.911,0.123,0.337,159.904,3
73,7GqLx1ScKrkVRXjIOaXhcg,0.721,0.248,6,-18.734,1,0.0724,0.963,0.952,0.116,0.962,127.113,3
74,4VxyNeFfGwrCg2XeoiHtfU,0.619,0.444,8,-12.355,1,0.0325,0.756,0.88,0.146,0.307,90.023,3
75,5YemjhBXS0kiZ5K9elSP7c,0.487,0.345,4,-9.309,1,0.198,0.815,0.92,0.0773,0.12,180.286,3
76,4c9FHRvU0INp3YXkditWle,0.718,0.562,2,-7.236,1,0.0668,0.00876,0.104,0.14,0.648,90.023,3
77,0yGfWiu7anwZyP337wygTn,0.541,0.25,1,-20.337,1,0.0871,0.877,0.922,0.395,0.446,136.015,3
78,6XdqDZtNcr2wm0BLiXln95,0.442,0.0468,7,-27.457,1,0.0334,0.955,0.844,0.109,0.0737,95.821,3
79,3jArpCNu5jJC5vtf6xx3Cc,0.544,0.429,10,-10.574,1,0.288,0.76,0.831,0.11,0.378,77.522,3
80,3VvosiUPviNUKf3BW6PxF6,0.383,0.0483,4,-28.396,1,0.0324,0.964,0.885,0.0849,0.14,180.062,3
81,5K64x7lS9bijtKvYWmoOkb,0.634,0.339,10,-9.948,1,0.0298,0.367,0.758,0.108,0.451,73.518,3
82,4Ba5yNZnLdgZTpcMe1af9H,0.686,0.364,6,-11.063,1,0.0618,0.828,0.897,0.185,0.466,140.055,3
83,5VkJT6m9pzbxcnDbDBaiVt,0.514,0.424,11,-12.481,0,0.153,0.143,0.974,0.112,0.427,84.919,3
84,6iqcmEVM9rMliey1HeoZmw,0.526,0.314,7,-13.894,0,0.14,0.75,0.344,0.242,0.235,80.034,3
85,1cJQ0jh4qCBMqNkF43y6F6,0.305,0.492,1,-12.462,1,0.0438,0.0613,0.759,0.111,0.122,73.718,3
86,7Mcndb8VsoLgbRuYFUm7xg,0.579,0.316,10,-16.153,0,0.0484,0.864,0.869,0.0964,0.161,139.979,3
87,1wnkKLHjc4JI9H1ZFq3RG9,0.639,0.251,5,-16.229,0,0.0303,0.621,0.918,0.118,0.223,81.117,3
88,2d7z7wZhWV4mbbblWogbj4,0.618,0.148,0,-22.116,1,0.0469,0.944,0.948,0.0957,0.598,136.04,3
89,3LvXjFQgLzWw4FGz1rJfxe,0.552,0.23,8,-11.572,1,0.0439,0.792,0.926,0.115,0.484,80.072,3
90,0SQAjpKE8p37Tgi71rafbZ,0.783,0.403,9,-8.744,1,0.0391,0.71,0.953,0.368,0.425,82.991,3
91,65eOmIYoY4EkXdcdBYoZoO,0.365,0.0735,11,-27.917,0,0.0388,0.822,0.884,0.143,0.278,179.896,3
92,0g3QHYMIabDx63JqBmyocI,0.702,0.303,9,-7.872,1,0.0344,0.727,0.77,0.102,0.19,76.973,3
93,7hL9dwyJRu5e8wKEwpBjQA,0.756,0.599,1,-7.319,0,0.0322,0.444,0.000267,0.0745,0.87,140.026,3
94,7c74bsHl62HZSSzKugvxlb,0.677,0.158,7,-13.276,0,0.0366,0.855,0.939,0.117,0.392,85.035,3
95,2kchmeq52T0yzJ3K0MZMC7,0.621,0.243,3,-12.721,1,0.512,0.973,0.0998,0.105,0.762,199.631,3
96,3lt3BxgoGQLdDTxW2BoNii,0.531,0.301,11,-15.583,1,0.0343,0.941,0.835,0.0977,0.531,90.005,3
97,4FAXRLYbdbzBIk9t8TmNDg,0.714,0.489,4,-9.19,1,0.0449,0.585,0.705,0.111,0.296,83.052,3
98,7GKYksDePHSirZ7RyDyOgd,0.581,0.229,7,-16.349,0,0.0374,0.584,0.913,0.107,0.122,157.98,3
99,6HreoSfxDtkzV8j36UL6yF,0.388,0.354,5,-12.071,0,0.0307,0.943,0.871,0.123,0.0647,99.761,3
0,1uKZ6TyMFXuvu9sZWpN202,0.258,0.0317,9,-31.712,0,0.0428,0.976,0.858,0.103,0.304,199.722,3
1,7azMv5J7HgganI20NqKa9P,0.392,0.0283,0,-32.472,1,0.0431,0.989,0.885,0.146,0.561,119.943,3
2,0gpSBtXhCUiVH2y0DBMFJ5,0.429,0.0484,0,-25.267,0,0.0497,0.995,0.928,0.111,0.35,79.682,3
3,3MWklqtDFfMkD3pcf4rBwu,0.363,0.0437,5,-31.559,1,0.0353,0.993,0.875,0.0951,0.254,102.193,3
4,3sp6FlleWKCE9mxdnHXFlU,0.255,0.0329,4,-26.423,1,0.0419,0.985,0.924,0.096,0.0408,73.673,3
5,1GBNuD6VkNDHXNwL0wgVi2,0.428,0.085,4,-24.134,0,0.0348,0.99,0.904,0.0957,0.382,114.357,3
6,4OQ4Ua0SulicmSHpgBXCvs,0.346,0.0431,10,-29.328,1,0.0387,0.994,0.951,0.109,0.326,138.532,3
7,51yKQJ4uJXSB2usG9ycoyv,0.426,0.0521,4,-24.464,0,0.0405,0.984,0.908,0.11,0.431,102.942,3
8,2qCzkyUdNWxGY0lQh0jp8F,0.266,0.0661,8,-30.81,1,0.049,0.991,0.919,0.0993,0.516,191.598,3
9,51K71t2Sk90AVbjVsBcorb,0.396,0.00598,5,-29.643,0,0.0382,0.99,0.939,0.114,0.039,142.357,3
10,6fFGV4AKC65SksEn9eJy6R,0.524,0.0378,2,-31.974,1,0.0449,0.993,0.873,0.0952,0.0387,97.39,3
11,4iCLo3ZjF6V1RW4Wz18KMz,0.374,0.0405,5,-29.196,1,0.0408,0.981,0.924,0.103,0.226,129.413,3
12,1ZvZqIoLskfHuZ3A0akrsV,0.313,0.176,7,-24.65,1,0.0404,0.995,0.896,0.114,0.677,199.803,3
13,1lHYlFy54afDBxts2V3KZZ,0.333,0.0752,4,-26.021,1,0.0385,0.983,0.921,0.107,0.181,142.923,3
14,6Im3KsvOIR6E3ZhfAlDJvr,0.415,0.0244,9,-31.106,0,0.0373,0.977,0.862,0.103,0.136,129.918,3
15,1vpC44p5sO6vvJ6yPxVkt6,0.523,0.0884,3,-22.844,1,0.0306,0.977,0.943,0.109,0.355,103.59,3
16,7Jrx30VldPaujIaP3c2SJn,0.475,0.134,7,-21.895,0,0.0411,0.995,0.935,0.115,0.115,86.844,3
17,4cmE5SPvjKEzIHzhrLq9jO,0.484,0.039,0,-28.557,1,0.048,0.991,0.896,0.133,0.118,112.814,3
18,7sa4kCV6pezAQOSBASKFLH,0.408,0.0613,10,-26.059,1,0.0421,0.993,0.92,0.117,0.322,137.841,3
19,55as6jfARR6xn5g0ZxChCA,0.254,0.0263,2,-32.172,1,0.0391,0.994,0.829,0.103,0.2,136.887,3
20,4xqay5NL9jPHSCP2mo3U67,0.357,0.0431,2,-25.461,1,0.0334,0.992,0.948,0.13,0.0698,131.976,3
21,0CNhH6mjashU1e7z0j1LXl,0.321,0.013,6,-28.058,0,0.0387,0.992,0.892,0.103,0.216,106.316,3
22,6VWXXegvaYsNkEZdKRNtlE,0.395,0.0403,7,-26.37,0,0.0306,0.993,0.962,0.101,0.225,94.228,3
23,4uNQlDhz4fIKvjvdSESKou,0.315,0.0546,3,-28.225,1,0.0596,0.994,0.902,0.11,0.128,163.274,3
24,1hEqY5WgZIpNgZKmuFGNax,0.324,0.104,4,-27.014,0,0.0414,0.995,0.957,0.0819,0.254,120.572,3
25,5eVSECRwlo8dpiAVWZImDs,0.331,0.0721,0,-25.19,0,0.0371,0.992,0.886,0.111,0.274,84.994,3
26,3piXN9w4wKQGll4ryYpVl5,0.454,0.0982,0,-23.534,0,0.0425,0.986,0.936,0.114,0.0783,129.335,3
27,6CJRpyYTWrVqVGFbu9rc8r,0.488,0.0821,5,-28.357,0,0.0365,0.991,0.924,0.116,0.199,145.053,3
28,7fgqEIEV6kpswoBsgru92Z,0.235,0.0177,3,-31.596,1,0.0362,0.989,0.919,0.0917,0.0464,103.05,3
29,2GLPAM5vr3dyAJMKEO5R8a,0.362,0.0286,9,-31.386,0,0.0378,0.988,0.913,0.0928,0.219,64.919,3
30,6nEtaXKHUnrcbTjagD9mXC,0.371,0.0247,4,-26.325,1,0.0347,0.989,0.929,0.114,0.11,96.604,3
31,4jpRyLpvGSUPVSx8oO8xWo,0.342,0.103,8,-24.723,1,0.0446,0.99,0.918,0.118,0.104,158.544,3
32,2uDpyb11bwgMOqLQ1ZQ9E9,0.319,0.0321,9,-24.243,1,0.0337,0.985,0.956,0.108,0.185,76.268,3
33,6osge3cxU5DKKEcbru8Tk5,0.249,0.0374,5,-28.261,1,0.0596,0.996,0.946,0.124,0.14,64.162,3
34,4WFF3LgLuK0qGqY1YUdzD6,0.422,0.0265,4,-26.777,1,0.0391,0.993,0.937,0.0977,0.23,76.954,3
35,0o56FySlmk0hN1FoVqfnue,0.3,0.0393,5,-30.089,1,0.0376,0.989,0.877,0.114,0.26,137.868,3
36,0ZU1CweQ9ineKlc9fOrakS,0.373,0.0292,4,-28.034,0,0.047,0.993,0.915,0.0782,0.268,68.214,3
37,3PpvhHp9USOBQFFQ7pJwsy,0.388,0.0966,4,-24.134,0,0.041,0.985,0.962,0.104,0.0617,116.692,3
38,3JRA65bOIayOI3nag2qqhI,0.428,0.0231,2,-26.894,1,0.0335,0.99,0.921,0.107,0.223,84.707,3
39,5YINZsov3qBPWjCEsWDDWX,0.346,0.0319,10,-25.358,1,0.0477,0.993,0.939,0.126,0.0956,50.811,3
40,7lE18SWzAxh5SfMbie92jN,0.371,0.0104,8,-30.996,1,0.0353,0.99,0.914,0.139,0.394,105.688,3
41,0duYOyKFVmUrJpDhmKaIyW,0.268,0.0444,0,-33.096,1,0.0356,0.962,0.942,0.111,0.123,104.841,3
42,4jOQwNjLa0oejVoopzY7Gx,0.405,0.0576,5,-29.476,1,0.0593,0.994,0.909,0.114,0.562,71.865,3
43,7xVyUAYKQ2a2Z8509J2EI3,0.278,0.0812,10,-23.239,1,0.04,0.962,0.915,0.0977,0.087,136.552,3
44,5w1FbQ4wRjRkzw9IXv30GW,0.296,0.144,4,-27.745,0,0.0361,0.984,0.901,0.109,0.133,169.195,3
45,2iydu5wmxnchiJVB9dfztj,0.282,0.21,8,-27.336,1,0.0457,0.995,0.939,0.115,0.64,139.563,3
46,3SwnQKMO2D0jOUKxaqIHLw,0.47,0.109,1,-23.997,1,0.0567,0.995,0.934,0.101,0.614,177.517,3
47,4NLORT4CrxkYaegK1ywz4v,0.476,0.109,7,-22.904,1,0.0327,0.983,0.904,0.101,0.402,106.976,3
48,2b5H5mKnFqxMZtKik6bCej,0.427,0.0533,9,-28.602,0,0.0407,0.995,0.908,0.105,0.302,139.467,3
49,3kkgprUeiPDV0nDQerhq9h,0.309,0.081,6,-23.417,1,0.0315,0.991,0.89,0.105,0.194,81.171,3
50,7IhjDHQ2l4uRgyRNkWgbWt,0.249,0.136,4,-24.626,1,0.0339,0.977,0.914,0.109,0.314,158.634,3
51,3pYRI1DeHnAu5MDsQxdR1U,0.454,0.0819,8,-25.82,0,0.0298,0.96,0.9,0.109,0.298,88.595,3
52,4GkIVom3wSy41JEql2fQ72,0.352,0.2,8,-25.565,1,0.0315,0.995,0.945,0.106,0.276,150.547,3
53,0pVxjmRJvXGSZnDp2Wi9WP,0.432,0.0294,3,-30.208,0,0.0384,0.98,0.895,0.0993,0.225,139.862,3
54,4Yzal0YrY55V7aQeXIeCvL,0.27,0.0197,10,-32.879,1,0.0452,0.989,0.864,0.106,0.174,104.238,3
55,3V6ocwEhy5BD9rpzrLFXfn,0.41,0.0571,5,-26.424,1,0.0437,0.982,0.9,0.105,0.405,127.031,3
56,1UpWPe0O0aNGWmouew7puk,0.348,0.0427,3,-30.862,1,0.0541,0.991,0.954,0.107,0.158,165.491,3
57,75yhwBaQZoBOt5XeX1Dm6E,0.466,0.0781,7,-28.443,1,0.048,0.978,0.949,0.104,0.443,106.022,3
58,3QyXiYnPcszAptSYP2ZICS,0.424,0.0636,9,-24.926,1,0.0378,0.992,0.936,0.148,0.341,132.267,3
59,5k0J9mTY2bypVkJ2pP7acf,0.456,0.104,5,-23.899,0,0.0509,0.994,0.962,0.106,0.136,109.112,3
60,0xD0B7HW1VXcNuOPZ2QPTI,0.468,0.0528,0,-23.428,1,0.0316,0.991,0.908,0.116,0.247,157.68,3
61,5kHdX3qzFelWIDOiUAs96C,0.286,0.287,9,-26.371,1,0.0398,0.986,0.918,0.103,0.514,136.919,3
62,5GVo7iQPoQUDOX1xUadS1p,0.31,0.0975,5,-30.279,1,0.0399,0.952,0.873,0.11,0.164,113.684,3
63,6BKGokQ3PKLFqBlCBjCy8J,0.26,0.168,7,-25.407,1,0.0321,0.992,0.96,0.103,0.0968,146.628,3
64,3yZHqhElpkIWaHA1yUFCIH,0.296,0.0512,10,-30.053,1,0.0584,0.994,0.961,0.11,0.247,74.27,3
65,7wjFJYxBZgZE643XFyExK1,0.55,0.0279,7,-23.429,1,0.0499,0.995,0.963,0.114,0.517,117.101,3
66,2yZU1Y2Zagb4Ymm5gK72ab,0.308,0.0902,10,-29.772,1,0.0367,0.977,0.843,0.107,0.363,128.205,3
67,424kxlBHkHVxwwMkDlPp1s,0.364,0.0393,4,-28.813,1,0.0374,0.995,0.865,0.0897,0.195,95.027,3
68,7x29ikGEInCzC5IrN3zMhI,0.289,0.00882,7,-28.999,1,0.0389,0.935,0.898,0.115,0.175,133.912,3
69,4ldRxzeHrTWwBXyWTII5Hu,0.391,0.00944,7,-26.725,0,0.0421,0.987,0.888,0.112,0.246,134.928,3
70,2y1o99gVURVZkmIyahWBb5,0.371,0.0304,8,-33.061,1,0.0412,0.99,0.834,0.108,0.131,95.006,3
71,6yfuxuWZNEnwOykWXStzxY,0.561,0.0332,0,-25.577,1,0.0808,0.995,0.938,0.105,0.438,75.817,3
72,1wDBNwgv9WWqJIdZ6bIv8Z,0.487,0.078,4,-27.953,0,0.0431,0.99,0.958,0.0799,0.189,93.317,3
73,6aPNSFUv5X13wjZsjJAbYW,0.487,0.0708,7,-30.666,1,0.0397,0.99,0.931,0.116,0.49,123.902,3
74,23DPhQu9w09Vc4PkAd3zv2,0.31,0.107,2,-23.437,0,0.0328,0.978,0.92,0.103,0.279,48.37,3
75,6QuO9a1qf3bfEJZL1TeCS2,0.31,0.05,2,-30.665,1,0.04,0.993,0.896,0.105,0.349,82.587,3
76,4Lj9Ap737rbqtH2Zd6skxa,0.373,0.00694,6,-28.016,0,0.0451,0.992,0.952,0.0964,0.173,128.379,3
77,4Z94Nth1RThACL5ohW5xpy,0.412,0.0556,11,-25.696,1,0.0307,0.98,0.908,0.108,0.201,145.978,3
78,0yAgdDXxal3Em3W4X1bkGq,0.368,0.0272,7,-24.72,1,0.043,0.99,0.915,0.103,0.51,79.307,3
79,1BKUdbyhGPpzazD1H5L6iB,0.438,0.0753,6,-28.694,0,0.0496,0.992,0.925,0.103,0.313,121.262,3
80,6NQqhCtPoQ544wmrmnYtYL,0.479,0.0298,3,-26.052,1,0.0332,0.918,0.901,0.101,0.0598,100.048,3
81,1f9RHATlSLTKsEgGjC6lQh,0.268,0.0207,7,-27.861,0,0.0337,0.995,0.94,0.113,0.25,164.544,3
82,3CHSUEhxoy2s7NKVhH89wu,0.476,0.14,3,-21.606,0,0.0373,0.981,0.899,0.102,0.523,95.283,3
83,17ATrlvNNZdpPOeKB3YJHT,0.188,0.0368,4,-28.524,1,0.0354,0.934,0.893,0.11,0.116,105.721,3
84,2TSm3aFc5f0tgzsVhIbMxp,0.6,0.0446,2,-29.689,0,0.0525,0.995,0.889,0.0885,0.429,120.097,3
85,4rw3ixKqjEzKUajMD0z3mA,0.36,0.0529,7,-26.857,0,0.0334,0.992,0.903,0.113,0.218,92.637,3
86,7ekVkcI3ZD4YJbbxpq9mPR,0.344,0.0334,2,-30.753,1,0.0454,0.994,0.961,0.1,0.185,95.918,3
87,2PEiFFvNyMykLb2wxnvBfv,0.409,0.0104,10,-33.435,1,0.0413,0.995,0.914,0.0972,0.527,180.131,3
88,3NPDTMVP9BwvbOQXoGNkV0,0.321,0.125,7,-27.295,0,0.0316,0.952,0.856,0.11,0.247,139.737,3
89,3d7Tl14KLOVLGvTnzROcKh,0.341,0.0509,6,-29.638,0,0.0385,0.99,0.899,0.0997,0.143,131.792,3
90,5q3d5I3rMvfKAuyDvmBwwe,0.348,0.238,3,-21.222,1,0.0436,0.989,0.899,0.108,0.247,127.367,3
91,22wBRYNiY0W3Kl1Zk6hmAk,0.455,0.026,8,-26.911,1,0.0773,0.994,0.964,0.101,0.186,74.669,3
92,2n07NKEPbQ1ABTvhTGJcYj,0.465,0.0561,7,-30.924,0,0.0512,0.989,0.882,0.123,0.697,110.634,3
93,1kjxU1Z1omaqsaS7qh3ZhQ,0.304,0.0219,9,-30.35,1,0.0324,0.987,0.91,0.109,0.231,104.09,3
94,2Ybs9KNO2dlCp6CGBIGtzo,0.44,0.111,7,-29.645,1,0.0347,0.988,0.838,0.122,0.482,133.238,3
95,4Z3FuHB9SiTfOENBGlSxvI,0.433,0.0339,11,-27.0,0,0.0428,0.992,0.926,0.0989,0.248,108.709,3
96,7mRoJ7GqlDNNRfhjoc3Jk9,0.534,0.013,11,-30.957,0,0.0547,0.995,0.911,0.104,0.324,97.539,3
97,4XR0XV2Quru1vEYZvTyWEP,0.423,0.0414,7,-27.378,1,0.0331,0.983,0.854,0.0988,0.148,91.464,3
98,04sY6I7jwWcQzFTbCBqN64,0.56,0.0292,4,-28.316,0,0.0359,0.993,0.932,0.081,0.171,87.565,3
99,2SQnm2Hx9VCWopW6LMCD3N,0.274,0.131,6,-25.746,1,0.0365,0.99,0.924,0.0974,0.346,96.671,3
